,Opportunity_ID,Target
0,10689.0,0.8182870847952098
1,10690.0,0.7851079415511555
2,10691.0,0.45862875709925016
3,10692.0,0.43931751864697055
4,10693.0,0.8843122741163908
5,10694.0,0.8773150895946958
6,10695.0,0.2256913333708645
7,10696.0,0.22601364335156757
8,10697.0,0.39042051527443666
9,10698.0,0.4726588785765423
10,10699.0,0.4759941114050118
11,10700.0,0.46549022441592836
12,10701.0,0.7107720300127564
13,10702.0,0.5507565476665729
14,10703.0,0.66345933449595
15,10704.0,0.9248563436318026
16,10705.0,0.9591235551277233
17,10706.0,0.8148941978018883
18,10707.0,0.9369383353382266
19,10708.0,0.6609940346406361
20,10709.0,0.9513444647466142
21,10710.0,0.710075501823821
22,10711.0,0.9091420094974713
23,10712.0,0.9621727998929702
24,10713.0,0.7213257724033378
25,10714.0,0.7077058782558097
26,10715.0,0.7538555950380011
27,10716.0,0.8704150002896022
28,10717.0,0.8366021785636301
29,10718.0,0.7938625468457321
30,10719.0,0.784855595628646
31,10720.0,0.5752274993290247
32,10721.0,0.7761883491060222
33,10722.0,0.9143617539852792
34,10723.0,0.9032649412831987
35,10724.0,0.898145061596215
36,10725.0,0.9576936449401736
37,10726.0,0.7511748062966241
38,10727.0,0.4408738818480516
39,10728.0,0.960834127054952
40,10729.0,0.4628406816389518
41,10730.0,0.9568416645608975
42,10731.0,0.000984199793087291
43,10732.0,0.5289598693506304
44,10733.0,0.5289598693506304
45,10734.0,0.7869141505988159
46,10735.0,0.9201587124786105
47,10736.0,0.9239663853564786
48,10737.0,0.836944135114245
49,10738.0,0.7033954987168565
50,10739.0,0.7657286137646607
51,10740.0,0.5186469020973239
52,10741.0,0.9585041424342924
53,10742.0,0.5549616743452035
54,10743.0,0.5676002321821745
55,10744.0,0.32803151121294377
56,10745.0,0.32803151121294377
57,10746.0,0.16633017376897558
58,10747.0,0.16633017376897558
59,10748.0,0.7217224562916348
60,10749.0,0.8492308296463852
61,10750.0,0.6034757892307666
62,10751.0,0.8189411010972587
63,10752.0,0.8189411010972587
64,10753.0,0.7697933604182662
65,10754.0,0.9412754926624511
66,10755.0,0.9178582797149435
67,10756.0,0.9183579364567894
68,10757.0,0.0016680451436378743
69,10758.0,0.00045912395863248007
70,10759.0,0.0010424238265549913
71,10760.0,0.000133395107569261
72,10761.0,0.8760319712209328
73,10762.0,0.5901927364681824
74,10763.0,0.7451974537414394
75,10764.0,0.9363079155606504
76,10765.0,0.39477027435749734
77,10766.0,0.937582167259426
78,10767.0,0.9438698312152402
79,10768.0,0.9021208469253422
80,10769.0,0.3528616961364408
81,10770.0,0.22291265963035498
82,10771.0,0.0001752800158922208
83,10772.0,0.9039303359538888
84,10773.0,0.794940203995682
85,10774.0,0.03477098508617817
86,10775.0,0.007246621141618222
87,10776.0,0.004574519311514689
88,10777.0,0.9204977806176818
89,10778.0,0.9065764239612584
90,10779.0,0.9258082584444116
91,10780.0,0.9041141398459143
92,10781.0,0.7582476060531308
93,10782.0,0.758537091691608
94,10783.0,0.7234029294403254
95,10784.0,0.7154635470945305
96,10785.0,0.8108714382580335
97,10786.0,6.677242897921706e-05
98,10787.0,0.8213180202082052
99,10788.0,0.6757112224945554
100,10789.0,0.0006677001207281401
101,10790.0,0.7552375299587516
102,10791.0,0.4617599220788781
103,10792.0,0.7814255589496343
104,10793.0,0.9078783481603265
105,10794.0,0.9078783481603265
106,10795.0,0.9319571014665017
107,10796.0,0.7399617835399438
108,10797.0,0.5763299158719927
109,10798.0,0.7325246483040386
110,10799.0,0.6770979379703853
111,10800.0,0.5040708488800733
112,10801.0,0.5912086274724758
113,10802.0,0.3043010890706825
114,10803.0,7.602111891282818e-05
115,10804.0,0.8339852093327138
116,10805.0,6.069905941365978e-09
117,10806.0,0.8606325516771748
118,10807.0,0.6305853827393992
119,10808.0,0.2507172983457564
120,10809.0,0.6961409794619873
121,10810.0,0.00021901312611356146
122,10811.0,0.0006297079291295207
123,10812.0,0.8322550639274711
124,10813.0,0.0002105908568204447
125,10814.0,1.751114494658526e-05
126,10815.0,0.7936077930945228
127,10816.0,0.002333015251787687
128,10817.0,0.1798066126904677
129,10818.0,0.9084247045997742
130,10819.0,0.0006423688169926679
131,10820.0,0.9323395136063024
132,10821.0,0.0005009304896664285
133,10822.0,1.0595748181756444e-05
134,10823.0,0.9665063407679922
135,10824.0,0.00033848092190501153
136,10825.0,0.5958469462207548
137,10826.0,0.854375838384574
138,10827.0,0.9527998916191018
139,10828.0,0.9348254084447627
140,10829.0,0.8399461672261186
141,10830.0,0.403595534984879
142,10831.0,0.8056218006373255
143,10832.0,0.8119577324825016
144,10833.0,0.6425241356218516
145,10834.0,0.000887633006583019
146,10835.0,0.4338780182867616
147,10836.0,0.8287606864819386
148,10837.0,0.8354961904035696
149,10838.0,0.6403262100216984
150,10839.0,0.0009576303459264385
151,10840.0,0.7403856529937994
152,10841.0,0.0002645732845619364
153,10842.0,0.7364099791048879
154,10843.0,0.7402887013937173
155,10844.0,0.8377908709539035
156,10845.0,0.9195326062971363
157,10846.0,0.8311095044563167
158,10847.0,0.8056327644763537
159,10848.0,0.0013042796375614
160,10849.0,0.42676075776929284
161,10850.0,0.4581873259949278
162,10851.0,0.26774303088756873
163,10852.0,0.7093776989401934
164,10853.0,0.7081668645208548
165,10854.0,0.6684432745477512
166,10855.0,0.4213352109207006
167,10856.0,0.7234999427208951
168,10857.0,0.374410214442822
169,10858.0,0.6575129961371657
170,10859.0,0.00026107830456330636
171,10860.0,0.12865155230880607
172,10861.0,2.2009165704335377e-05
173,10862.0,0.5456154053353875
174,10863.0,0.21564815665186882
175,10864.0,0.9783878117927943
176,10865.0,0.9098325539733297
177,10866.0,2.2522230278309637e-05
178,10867.0,0.0006863732220045722
179,10868.0,0.6605951593295811
180,10869.0,0.027092124013851325
181,10870.0,0.6759875743674597
182,10871.0,0.940747356531081
183,10872.0,0.0003292452683263589
184,10873.0,0.5496759812178073
185,10874.0,0.9448443939335849
186,10875.0,0.8988821702541371
187,10876.0,0.905266748678487
188,10877.0,0.9183944447804452
189,10878.0,0.830669234196222
190,10879.0,0.13407860709332917
191,10880.0,0.16773858519501159
192,10881.0,0.8421020688341613
193,10882.0,0.8292234158287427
194,10883.0,0.04045131665411986
195,10884.0,0.4447367811246783
196,10885.0,0.6524877707167385
197,10886.0,0.3083411672744174
198,10887.0,0.06292920404168721
199,10888.0,0.9092065832313713
200,10889.0,0.8199655268038623
201,10890.0,0.9006915172478095
202,10891.0,0.9182282893085072
203,10892.0,0.8228563858073369
204,10893.0,0.0035622316131693264
205,10894.0,0.9257524669303971
206,10895.0,0.9194898999771794
207,10896.0,0.9379722689309251
208,10897.0,0.9420092056102704
209,10898.0,0.024078087963599573
210,10899.0,0.8967917087933853
211,10900.0,0.7824113338112049
212,10901.0,0.9191702072165175
213,10902.0,0.6453921726312462
214,10903.0,0.0008099017612267694
215,10904.0,0.7057190212093062
216,10905.0,0.8725990793710273
217,10906.0,0.9370097271471833
218,10907.0,0.5391528918032431
219,10908.0,0.00011125743620431099
220,10909.0,0.892315505421126
221,10910.0,0.00020758521918716536
222,10911.0,0.9700047108586495
223,10912.0,0.8300268359011146
224,10913.0,0.9300923956774109
225,10914.0,0.0011695547361897562
226,10915.0,0.8758730578051139
227,10916.0,0.7334712383559624
228,10917.0,0.8285473078702933
229,10918.0,0.8086601765482744
230,10919.0,0.05614191033610534
231,10920.0,0.7341330665117057
232,10921.0,0.9732445743421378
233,10922.0,0.42441334788717106
234,10923.0,0.5980907617429362
235,10924.0,0.8295082366439706
236,10925.0,0.8113091180751064
237,10926.0,0.00020295860772085608
238,10927.0,0.00039465828977058105
239,10928.0,0.7626766192787117
240,10929.0,0.8707970365514157
241,10930.0,0.8230322601635133
242,10931.0,0.9290044130349824
243,10932.0,0.9491740839880107
244,10933.0,0.8475708709007995
245,10934.0,0.5059742614069939
246,10935.0,0.739863102779387
247,10936.0,0.7828732366302311
248,10937.0,0.0017234534523797686
249,10938.0,0.35106698414329485
250,10939.0,0.7686685973577863
251,10940.0,0.5809413714960551
252,10941.0,0.0007282423691266917
253,10942.0,0.0006028050055595442
254,10943.0,0.000279187455401422
255,10944.0,0.0018376724923485656
256,10945.0,0.8547537674915592
257,10946.0,0.9669772536209225
258,10947.0,0.7778788246947753
259,10948.0,0.6855566189134781
260,10949.0,0.7772178322337051
261,10950.0,0.0007867543102826065
262,10951.0,0.000458092289792368
263,10952.0,0.8624094569161573
264,10953.0,0.12506363800458714
265,10954.0,0.8622566758651937
266,10955.0,0.11674260607169004
267,10956.0,0.04358640710302137
268,10957.0,0.16179400618307602
269,10958.0,0.06237218886443438
270,10959.0,0.0004949837545255187
271,10960.0,0.9675495958925132
272,10961.0,0.8521549244428572
273,10962.0,0.0010861117125653135
274,10963.0,0.0010661587032987274
275,10964.0,0.817636955611553
276,10965.0,0.00010712008825381897
277,10966.0,0.8415792168620084
278,10967.0,0.871747063887572
279,10968.0,0.00045736739793937083
280,10969.0,0.9317670991817953
281,10970.0,0.0002503738418819251
282,10971.0,0.7227174705579812
283,10972.0,0.045738569514435834
284,10973.0,0.6642686580708625
285,10974.0,0.8015103413592098
286,10975.0,0.8332357011350383
287,10976.0,0.9079272313121594
288,10977.0,0.9227740941424795
289,10978.0,0.9106725600237637
290,10979.0,0.8792434658348759
291,10980.0,0.5546936431279774
292,10981.0,0.6362638263607739
293,10982.0,0.42435922325714437
294,10983.0,0.368984897380591
295,10984.0,0.001494980593746129
296,10985.0,0.0003588006613484954
297,10986.0,0.9522575214258573
298,10987.0,0.9559061868825622
299,10988.0,0.0003922679701972841
300,10989.0,0.6036163152336573
301,10990.0,0.6996685939668481
302,10991.0,0.10379531884459489
303,10992.0,1.1651566428623194e-05
304,10993.0,0.9530638435142408
305,10994.0,0.00046614606868659793
306,10995.0,0.8596823649115366
307,10996.0,0.5466035795497305
308,10997.0,0.3249796654822832
309,10998.0,0.9488929824323227
310,10999.0,0.5660220204313305
311,11000.0,0.000448247944709701
312,11001.0,0.46231808326535284
313,11002.0,0.7819094904497533
314,11003.0,0.0006714321259138542
315,11004.0,0.769074215479785
316,11005.0,0.703629012075451
317,11006.0,0.5747468032560767
318,11007.0,0.8691542192499249
319,11008.0,0.0008659121336274904
320,11009.0,0.9217534299890646
321,11010.0,0.9730520761145025
322,11011.0,0.7881638745438273
323,11012.0,0.8059836804669168
324,11013.0,0.25607154949255684
325,11014.0,0.7705629539690863
326,11015.0,0.6653339479076826
327,11016.0,0.0009571410980312254
328,11017.0,0.8625132212058366
329,11018.0,0.6958534809141151
330,11019.0,0.9507451170070645
331,11020.0,0.026859865274252957
332,11021.0,0.7194908375306588
333,11022.0,0.7710502462930278
334,11023.0,0.5581893069320133
335,11024.0,0.40197216397608604
336,11025.0,0.8983401130752576
337,11026.0,0.8981046145135401
338,11027.0,0.8198440346306449
339,11028.0,0.0992145103615253
340,11029.0,0.9156213861855099
341,11030.0,0.4167437558716647
342,11031.0,0.9721356926924594
343,11032.0,0.6085164858232172
344,11033.0,0.9729245332886169
345,11034.0,0.0002686625283048532
346,11035.0,0.00010563664055920431
347,11036.0,0.7198880358747257
348,11037.0,0.7519478101387732
349,11038.0,0.5393325344622423
350,11039.0,0.868845119046635
351,11040.0,0.00026676888921327893
352,11041.0,0.9275088312185535
353,11042.0,0.7709303033174576
354,11043.0,0.8300747942080662
355,11044.0,0.8570174628356223
356,11045.0,4.2716173992962666e-05
357,11046.0,0.3266790933704234
358,11047.0,0.8167554900189343
359,11048.0,0.6501255377153494
360,11049.0,0.4381050267888641
361,11050.0,0.6754663862030326
362,11051.0,0.7673037556387957
363,11052.0,0.0010428603181092395
364,11053.0,0.000594260027133693
365,11054.0,0.0005977576794578692
366,11055.0,0.5875471552700039
367,11056.0,0.0006951263671303382
368,11057.0,0.7723259536307124
369,11058.0,0.0007839015996573264
370,11059.0,0.1152151058728682
371,11060.0,0.6431178708024627
372,11061.0,0.7568123059830871
373,11062.0,0.00036942254753157656
374,11063.0,0.9486469093264716
375,11064.0,0.9465559660917566
376,11065.0,0.8290769172658018
377,11066.0,0.9196829719929311
378,11067.0,0.7779191526732085
379,11068.0,0.9052853495091088
380,11069.0,0.0003165288117723007
381,11070.0,0.7668835059072947
382,11071.0,0.0037402324995836947
383,11072.0,0.7393852756261922
384,11073.0,0.8145814830166895
385,11074.0,0.3090952899144183
386,11075.0,0.4265003702337661
387,11076.0,0.9053307164554628
388,11077.0,0.8702895334997518
389,11078.0,0.6321767373139738
390,11079.0,0.7293331923177893
391,11080.0,0.7170744385580134
392,11081.0,0.6619552558914044
393,11082.0,0.0003228788398691214
394,11083.0,5.7055090189367654e-05
395,11084.0,0.0004689399673015268
396,11085.0,0.8300798109374309
397,11086.0,0.6501721001812896
398,11087.0,0.8954673191344681
399,11088.0,1.4722510237871853e-05
400,11089.0,0.00022440861830915965
401,11090.0,0.00037564971352368044
402,11091.0,0.8405908345906083
403,11092.0,0.8364444968038142
404,11093.0,0.35414636782427517
405,11094.0,0.41701950572241364
406,11095.0,0.9748295209616378
407,11096.0,0.9477883013570239
408,11097.0,0.0059115176301008454
409,11098.0,0.16827271175585873
410,11099.0,0.8076783618842323
411,11100.0,0.836483983173817
412,11101.0,0.7015707996383801
413,11102.0,0.7683046829029283
414,11103.0,0.6390854378123924
415,11104.0,0.7919803957493922
416,11105.0,0.0010646326048664098
417,11106.0,0.0011221028920179513
418,11107.0,0.0004801378290734509
419,11108.0,0.9188720878792265
420,11109.0,0.8260344840549224
421,11110.0,0.7394047473626034
422,11222.0,0.8048327978488589
423,11223.0,0.9430673140034043
424,11224.0,0.9389335826361016
425,11225.0,0.0012052143670484216
426,11226.0,0.7477309195148456
427,11227.0,6.729767244400519e-05
428,11228.0,0.7868930966200142
429,11229.0,0.8881462337182012
430,11230.0,0.8186173595961562
431,11231.0,0.48149731438155274
432,11232.0,0.44153328714737355
433,11233.0,0.9719987499953134
434,11234.0,0.8900885829299786
435,11235.0,0.00013942084792565335
436,11236.0,0.8785465795001665
437,11237.0,0.03185884677849823
438,11238.0,0.8137259191020199
439,11239.0,0.0001402441289139303
440,11240.0,0.0009573189958200928
441,11241.0,0.9219481786919681
442,11242.0,0.9477590540848754
443,11243.0,0.5575066355689232
444,11244.0,0.00012113242991390147
445,11245.0,0.8132746423456327
446,11246.0,0.0010220538442821038
447,11247.0,0.0005060606428127308
448,11248.0,0.4118913340156376
449,11249.0,0.905193017972315
450,11250.0,0.1526474856195822
451,11251.0,0.8170913804360491
452,11252.0,0.07495904293487354
453,11253.0,0.4799532101481135
454,11254.0,0.7188039783479663
455,11255.0,0.9254972675023183
456,11256.0,0.9586041830944031
457,11257.0,4.321975334802506e-06
458,11258.0,0.0003098734160726615
459,11259.0,0.9226374655761402
460,11260.0,0.9240832647513132
461,11261.0,0.43594500866732283
462,11262.0,0.8781329941432152
463,11263.0,0.9740285528900121
464,11264.0,0.8664850110107369
465,11265.0,0.002053121769008313
466,11266.0,2.3631953278348388e-08
467,11267.0,0.8821360911811053
468,11268.0,0.7735139241398342
469,11269.0,0.09875928565194556
470,11270.0,0.2306170727631129
471,11271.0,0.000406070637519626
472,11272.0,0.8002430318571689
473,11273.0,0.7473045894812267
474,11274.0,0.9171826597479851
475,11275.0,0.9020963333411893
476,11276.0,0.9466682047569392
477,11277.0,0.948008545152962
478,11278.0,0.4805316068273071
479,11279.0,0.03359667376554383
480,11280.0,0.38826828146512055
481,11281.0,0.4907710352667807
482,11282.0,0.8198895864142758
483,11283.0,0.0038299849192534167
484,11284.0,0.19615567917738666
485,11285.0,0.04866017531264998
486,11286.0,0.28443338109641025
487,11287.0,0.9570102177336474
488,11288.0,0.6290064697824052
489,11289.0,0.6242590786899781
490,11290.0,0.7186779798813274
491,11291.0,0.4550945821467498
492,11292.0,0.0006515061766262642
493,11293.0,0.9298488347320596
494,11294.0,0.00023287899915054152
495,11295.0,0.3465346117265494
496,11296.0,2.687273032701212e-05
497,11297.0,9.828180142608135e-10
498,11298.0,0.623978153890491
499,11299.0,0.9664310831178641
500,11300.0,0.3003977189152895
501,11301.0,0.813381069069587
502,11302.0,0.6720647254163589
503,11303.0,0.7226895395955932
504,11304.0,0.632468065387267
505,11305.0,0.0004179896082644798
506,11306.0,0.0006295975004156798
507,11307.0,0.00027432551329674394
508,11308.0,0.91337144557698
509,11309.0,0.9017072531797892
510,11310.0,0.39477246977221353
511,11311.0,0.650154699394671
512,11312.0,0.8175415885726489
513,11313.0,0.48272826175693073
514,11314.0,0.0012428386430135482
515,11315.0,0.0007252978344699137
516,11316.0,0.8134317875165111
517,11317.0,0.6780805518115596
518,11318.0,0.6219694490803792
519,11319.0,0.8106047776843975
520,11320.0,0.7330886434527529
521,11321.0,0.7789642184196539
522,11322.0,0.9208844324105621
523,11323.0,0.8714853982423012
524,11324.0,0.9530673150191806
525,11325.0,0.006922142510304245
526,11326.0,0.0008734997564489864
527,11327.0,0.00024303667949560276
528,11328.0,0.6830852409257181
529,11329.0,0.000577075199040302
530,11330.0,0.0005228553600439276
531,11331.0,0.6222245153597424
532,11332.0,0.545527475660437
533,11333.0,0.9005583236678257
534,11334.0,0.8560741614693063
535,11335.0,0.8594972033015024
536,11336.0,0.7441847914003721
537,11337.0,0.7982702937130293
538,11338.0,0.6782304971570383
539,11339.0,0.8034582115491413
540,11340.0,0.1812518541163216
541,11341.0,0.00032484992085091987
542,11342.0,0.8266795708781013
543,11343.0,0.8080893953936681
544,11344.0,0.3613753231966509
545,11345.0,0.632647840413218
546,11346.0,5.4337772914369465e-06
547,11347.0,0.5873435602353001
548,11348.0,0.933559323153054
549,11349.0,0.7523063432290931
550,11350.0,0.0007675695578155542
551,11351.0,3.1190797007234445e-05
552,11352.0,0.8705326621285018
553,11353.0,0.821962547730276
554,11354.0,0.00024293683334471354
555,11355.0,0.0005359472841085423
556,11356.0,0.6146218246035908
557,11357.0,0.816797507795795
558,11358.0,0.0005102913164309385
559,11359.0,9.997145525750082e-08
560,11360.0,0.1982989667202286
561,11361.0,0.9079060809043683
562,11362.0,0.8935879836105237
563,11363.0,0.0005035140848088036
564,11364.0,1.4920197921119332e-09
565,11365.0,0.8887930619953408
566,11366.0,0.9534640966029777
567,11367.0,0.0013273212219191521
568,11368.0,0.9009131389735621
569,11369.0,0.00040011814947645295
570,11370.0,0.8347725073186838
571,11371.0,0.7961249488521696
572,11372.0,0.7619196460831785
573,11373.0,0.0005775643275410078
574,11374.0,0.34902157213535423
575,11375.0,0.7937064179060476
576,11376.0,0.33901987626239555
577,11377.0,0.1592459228863198
578,11378.0,0.1723738075287216
579,11379.0,0.7106432430094917
580,11380.0,0.854293703678665
581,11381.0,0.8433910732768753
582,11382.0,0.5273988116564693
583,11383.0,0.9634185264774611
584,11384.0,0.9411024786650443
585,11385.0,1.1291201805913445e-06
586,11386.0,0.6750213797442676
587,11387.0,0.2263435746096464
588,11388.0,0.8316640228324506
589,11389.0,0.006660499224517173
590,11390.0,0.0005413518049313937
591,11391.0,0.0005413518049313937
592,11392.0,0.0005479323115150882
593,11393.0,0.7717315703834191
594,11394.0,0.8682545070854741
595,11395.0,0.7338514139908708
596,11396.0,0.8304730180950116
597,11397.0,0.2572194812567819
598,11398.0,0.888866910463844
599,11399.0,0.7715984218292791
600,11400.0,0.8501932238379728
601,11401.0,0.811137069950369
602,11402.0,0.4322614011035024
603,11403.0,0.07995926588490394
604,11404.0,0.0019674193705727784
605,11405.0,0.0020045530354105908
606,11406.0,0.0007535745227200684
607,11407.0,0.8517404756845198
608,11408.0,0.832296672216276
609,11409.0,0.21209217764530716
610,11410.0,0.0003451802360275994
611,11411.0,0.517461888853568
612,11412.0,0.761315013442983
613,11413.0,0.6080929857742575
614,11414.0,0.9562799112670322
615,11415.0,3.207347646288978e-05
616,11416.0,0.7961972226452826
617,11417.0,0.6861086693818637
618,11418.0,0.7353276730385309
619,11419.0,0.8707553552275146
620,11420.0,0.7164507779783041
621,11421.0,0.0002810311719892021
622,11422.0,0.00038720867580597113
623,11423.0,0.3586909134720728
624,11424.0,0.9510621510281229
625,11425.0,0.8512478371749638
626,11426.0,0.9418538372750195
627,11427.0,0.8300780223924797
628,11428.0,0.00018519500624618717
629,11429.0,0.00014306526748565835
630,11430.0,5.625991564050655e-05
631,11431.0,0.00024681931313584804
632,11432.0,0.00024681931313584804
633,11433.0,0.0005848804907288102
634,11434.0,0.0005824625172036873
635,11435.0,0.9359640868485348
636,11436.0,0.02048764961796531
637,11437.0,0.0003403102270240055
638,11438.0,0.0008440787292845924
639,11439.0,0.9383339246454604
640,11440.0,0.8724359996680955
641,11441.0,0.7932768804953103
642,11442.0,4.011506367631112e-05
643,11443.0,0.7398418167805564
644,11444.0,0.6365716530492164
645,11445.0,0.9152662380696063
646,11446.0,0.9342911521374326
647,11447.0,7.338174155121106e-05
648,11448.0,0.00011285908661358256
649,11449.0,9.23071281160417e-05
650,11450.0,0.2553866737648905
651,11451.0,0.3974784914958499
652,11452.0,0.23613657327987883
653,11453.0,0.3551122152120815
654,11454.0,0.612957242910461
655,11455.0,8.68934971314613e-05
656,11456.0,0.8302279733361732
657,11457.0,0.5673871919458028
658,11458.0,0.32707947361099204
659,11459.0,5.189806587360209e-07
660,11460.0,0.1386361945029775
661,11461.0,0.4929658643318448
662,11462.0,0.720700541165164
663,11463.0,0.4264953526590532
664,11464.0,0.8702605415070229
665,11465.0,0.8802548570848449
666,11466.0,0.7436544287992538
667,11467.0,0.9294632923555464
668,11468.0,0.5472882740815581
669,11469.0,0.8560366927660306
670,11470.0,0.4626002707451866
671,11471.0,0.5587339210513468
672,11472.0,0.7231436970076393
673,11473.0,0.8927241860872932
674,11474.0,0.7228042336923112
675,11475.0,0.6359084273071829
676,11476.0,0.7854259034475564
677,11477.0,0.9105180348988937
678,11478.0,0.9501678106655302
679,11479.0,0.5089369130147873
680,11480.0,0.0001264878173069006
681,11481.0,0.00024708161897204345
682,11482.0,0.00016480914052081116
683,11483.0,0.0004723260620605917
684,11484.0,0.0004377706828937607
685,11485.0,0.03259587248639645
686,11486.0,0.01449707747760678
687,11487.0,9.605715114718148e-07
688,11488.0,0.8167348420889627
689,11489.0,0.9526879029815164
690,11490.0,0.8968875882084458
691,11491.0,0.3587536240763244
692,11492.0,0.2841109292933848
693,11493.0,0.14998017934325253
694,11494.0,0.05550127187543837
695,11495.0,0.14000167394079743
696,11496.0,0.00020141081208119232
697,11497.0,0.560004982916503
698,11498.0,1.931543846930136e-05
699,11499.0,0.6640226582893038
700,11500.0,0.9157199092218965
701,11501.0,0.8640997084226805
702,11502.0,0.46613156436699665
703,11503.0,0.6393416497534137
704,11504.0,0.8461054322687055
705,11505.0,0.8330403424598191
706,11506.0,0.7695885215602086
707,11507.0,0.00032090689202505835
708,11508.0,0.9464032124312518
709,11509.0,0.8162409655517813
710,11510.0,0.6765703213480164
711,11511.0,0.9485304503440217
712,11512.0,0.948428348016733
713,11513.0,0.7643225701440493
714,11514.0,0.8543407133574903
715,11515.0,0.14982083912600702
716,11516.0,0.5788753220316476
717,11517.0,0.7090794743847822
718,11518.0,0.0009318973575761199
719,11519.0,0.9770235637156673
720,11520.0,0.763343607182693
721,11521.0,0.9367343062259211
722,11522.0,0.83074773591119
723,11523.0,0.00022816051164658587
724,11524.0,0.8258598819018071
725,11525.0,0.8102565411295884
726,11526.0,0.7875461497540719
727,11527.0,0.8382160237418748
728,11528.0,0.9497260105349947
729,11529.0,0.8392485063740188
730,11530.0,0.0007211746753424778
731,11531.0,0.0007854590050505289
732,11532.0,0.9472519155271264
733,11533.0,0.5849570577706283
734,11534.0,0.6769292791427447
735,11535.0,0.7211248042448499
736,11536.0,0.8608116581316013
737,11537.0,0.8165492560267634
738,11538.0,0.0012919540541930063
739,11539.0,0.4544182604047637
740,11540.0,0.912545110291047
741,11541.0,0.18944504636454637
742,11542.0,0.8428382398688298
743,11543.0,0.8523705396143864
744,11544.0,0.9215642129255112
745,11545.0,0.6848220420609594
746,11546.0,0.24170742191148642
747,11547.0,0.6805880998863385
748,11548.0,0.6041807076411059
749,11549.0,0.7610352126442906
750,11550.0,0.0012915906693853388
751,11551.0,0.0009052369292451301
752,11552.0,0.47862329433630507
753,11553.0,0.04064676327250858
754,11554.0,0.4725857680508665
755,11555.0,0.0013055415441648591
756,11556.0,0.00019378967261674367
757,11557.0,0.6216335597093473
758,11558.0,0.3882798761982005
759,11559.0,0.3804732861658418
760,11560.0,0.13532693418462013
761,11561.0,0.0007137042620517229
762,11562.0,0.00019687958292282948
763,11563.0,0.6279256240692823
764,11564.0,0.8532589804813824
765,11565.0,0.911459261432782
766,11566.0,0.3972163474862177
767,11567.0,0.4389806356658188
768,11568.0,0.8208580722661784
769,11569.0,0.8261989119932205
770,11570.0,0.032255348297176696
771,11571.0,0.7481289769364333
772,11572.0,0.0012487635356265012
773,11573.0,0.3596732225482858
774,11574.0,0.6547424730076351
775,11575.0,0.8513523898401795
776,11576.0,0.6348394298370899
777,11577.0,0.5893621860337948
778,11578.0,0.5436905097544147
779,11579.0,0.0006717843544678758
780,11580.0,0.905853591353954
781,11581.0,0.850934312569718
782,11582.0,0.760237746581945
783,11583.0,0.9499326750725555
784,11584.0,0.9403236188442875
785,11585.0,0.9592869232463613
786,11586.0,0.7891092359763469
787,11587.0,0.9404449674977851
788,11588.0,0.931407273116033
789,11589.0,0.9393994559929764
790,11590.0,0.5147885088343902
791,11591.0,0.30263173934608617
792,11592.0,0.4988759326823116
793,11594.0,0.8700936494602473
794,11595.0,0.8779753563176204
795,11596.0,0.9350996298802463
796,11597.0,0.9347469203580758
797,11598.0,0.9478820086700473
798,11599.0,0.947985601929411
799,11600.0,0.5784674817990534
800,11601.0,0.967315484687241
801,11602.0,0.8721636634558365
802,11603.0,0.005491204154863145
803,11604.0,0.13792531939054073
804,11605.0,0.5620423179009121
805,11606.0,0.06397701555524586
806,11607.0,0.04905388431094979
807,11608.0,4.081014628304763e-05
808,11609.0,0.00014956287205691084
809,11610.0,0.002695642383967455
810,11611.0,0.08997341373794547
811,11612.0,0.4620812024022296
812,11613.0,0.6693986656109829
813,11614.0,0.9343080811651948
814,11615.0,0.08957798786622008
815,11616.0,0.22893261466834552
816,11617.0,0.27576293318415185
817,11618.0,0.8369158292654398
818,11619.0,0.00010293773145233287
819,11620.0,0.776766842247281
820,11621.0,1.7931995031559076e-57
821,11622.0,0.3628597286671716
822,11623.0,0.00048712099561198555
823,11624.0,0.9246019978306766
824,11625.0,0.0010909159013327643
825,11626.0,0.7934561278007467
826,11627.0,0.9544999034785715
827,11628.0,0.9085956688034738
828,11629.0,0.816585774736869
829,11630.0,0.0015027195665764288
830,11631.0,0.5705857113226763
831,11632.0,0.8333292200402682
832,11633.0,0.5742940105140742
833,11634.0,0.00033097154493248813
834,11635.0,0.0015060289620373144
835,11636.0,0.866001358190279
836,11637.0,1.5873771294390467e-28
837,11638.0,0.5863038995114482
838,11639.0,0.0005562310425432763
839,11640.0,0.8061137187798411
840,11641.0,0.4937214665612061
841,11642.0,0.3130907715205435
842,11643.0,0.8947350611205727
843,11644.0,0.8724750995819917
844,11645.0,0.8045450650092557
845,11646.0,0.9512930726282224
846,11647.0,0.00038796013857538594
847,11648.0,0.07810042064433381
848,11649.0,0.8806460577177558
849,11650.0,0.8437263494729532
850,11651.0,0.9241780654798382
851,11652.0,0.936214894874917
852,11653.0,0.8882917263424989
853,11654.0,0.9069335152414256
854,11655.0,0.9068834709286487
855,11656.0,0.8416294506736968
856,11657.0,0.6912514461113621
857,11658.0,0.7921516966099972
858,11659.0,0.9130276889916926
859,11660.0,0.00022641008032438722
860,11661.0,0.9629301897396298
861,11662.0,0.7879436728109784
862,11663.0,0.9544637607440901
863,11664.0,0.00021772494805985234
864,11665.0,0.002516056055760788
865,11666.0,0.8800315680741068
866,11668.0,9.190511605049047e-05
867,11669.0,0.000863262334771737
868,11670.0,0.7002089251464795
869,11671.0,0.7044303848015342
870,11672.0,0.7710138399846785
871,11673.0,0.8037562621757747
872,11674.0,0.7749162192935268
873,11675.0,0.86293731683846
874,11676.0,0.8622746533367688
875,11677.0,0.4248166123125647
876,11678.0,0.4248166123125647
877,11679.0,0.0011594441368115928
878,11680.0,0.001558093804487625
879,11681.0,0.15179440402077823
880,11682.0,9.470686715077024e-05
881,11683.0,0.1525720073259737
882,11684.0,8.455060359634047e-06
883,11685.0,3.7721844525030854e-05
884,11686.0,4.1218492191490524e-05
885,11687.0,0.06503752807224222
886,11688.0,0.12175069256713618
887,11689.0,0.0004037718662686939
888,11690.0,3.845117037259978e-14
889,11691.0,0.09530541692490327
890,11692.0,0.0005313721306854633
891,11693.0,2.9002349600282333e-06
892,11694.0,0.4481050412517385
893,11695.0,0.603415896693184
894,11696.0,0.8110806424094233
895,11697.0,0.9141196507350584
896,11698.0,0.0005424784221763624
897,11699.0,0.5918313192413213
898,11700.0,0.8941180624079359
899,11701.0,0.0005471564275939289
900,11702.0,0.9400610198267253
901,11703.0,0.000866216952853501
902,11704.0,0.002446626132430236
903,11705.0,0.6848588882311453
904,11706.0,5.283761485320214e-06
905,11707.0,0.9555872443029773
906,11708.0,0.9534772168986921
907,11709.0,0.9295652294007305
908,11710.0,0.9024798356263097
909,11711.0,0.8940300105764493
910,11712.0,0.9695685602720816
911,11713.0,0.9419732919966265
912,11714.0,0.00016629339223081302
913,11715.0,6.33076577327049e-05
914,11716.0,2.3607139617921732e-05
915,11717.0,0.9154585238842999
916,11718.0,0.7333330222118998
917,11719.0,0.2674399812728254
918,11720.0,0.291359715240824
919,11721.0,0.9404230570800833
920,11722.0,0.6958503129850109
921,11723.0,0.9058234881091585
922,11724.0,0.4084701214608416
923,11725.0,0.6228873264244268
924,11726.0,0.04441275215361077
925,11727.0,0.4903150993651291
926,11728.0,0.894315653967105
927,11729.0,0.4510254157809744
928,11730.0,0.7499274185543157
929,11731.0,0.8474576892600518
930,11732.0,0.7236489435554437
931,11733.0,0.9394849154656767
932,11734.0,0.9358326663357261
933,11735.0,0.8702322943615663
934,11736.0,0.975517008090338
935,11737.0,0.7250621986633768
936,11738.0,0.10680822259768422
937,11739.0,0.0021567634666141353
938,11740.0,0.398899213943173
939,11741.0,0.87223455188674
940,11742.0,0.9589234757649102
941,11743.0,0.1769447030627547
942,11744.0,0.6724208167747872
943,11745.0,0.8248103765239427
944,11746.0,0.6519484048007326
945,11747.0,0.9061888519055015
946,11748.0,2.275078164997338e-10
947,11749.0,0.6426118444029479
948,11750.0,0.877678995605474
949,11751.0,0.6562987028591087
950,11752.0,0.43834118680360706
951,11753.0,0.24706904968501323
952,11754.0,0.06642889335403085
953,11755.0,0.7685815277538227
954,11756.0,0.19267497770739492
955,11757.0,0.5840688092943769
956,11758.0,0.7240745014555424
957,11759.0,0.7166898345032755
958,11760.0,0.6551427474299222
959,11761.0,0.00067755326952431
960,11762.0,0.0002852536216699094
961,11763.0,0.9098127788334951
962,11764.0,0.9135944554240027
963,11765.0,0.21683252266733957
964,11766.0,0.829735757856125
965,11767.0,9.158996976501084e-05
966,11768.0,0.9513288557287096
967,11769.0,0.9519838619992682
968,11770.0,0.8754079486636991
969,11771.0,0.9665842780338428
970,11772.0,0.3505088274600855
971,11773.0,0.8847908209290806
972,11774.0,0.8760204730883656
973,11775.0,0.8435651110065975
974,11776.0,0.7656627202084834
975,11777.0,0.8875162489949996
976,11778.0,0.9270200710246116
977,11779.0,1.5443825013239765e-06
978,11780.0,0.46739359307323475
979,11781.0,0.8700768578928347
980,11782.0,0.8900792859865752
981,11783.0,0.8776906577524137
982,11784.0,0.0002386042534663365
983,11785.0,0.8948709007490153
984,11786.0,0.20271497841790306
985,11787.0,0.8796078585951085
986,11788.0,0.6794876772305012
987,11789.0,0.7282335066860582
988,11790.0,0.9188634727625912
989,11791.0,0.00027190465714055085
990,11792.0,0.05879023345950746
991,11793.0,0.32171034244645996
992,11794.0,0.9116983563299214
993,11795.0,0.6725217480937212
994,11796.0,0.8320462396655064
995,11797.0,0.8010942342163803
996,11798.0,0.7764079631966676
997,11799.0,0.9181767155378906
998,11800.0,0.8793483531019691
999,11801.0,0.906854666052377
1000,11802.0,0.9146149333531772
1001,11803.0,0.9329787027458609
1002,11804.0,0.8980229519475932
1003,11805.0,0.8332396826501646
1004,11806.0,0.6272294566990946
1005,11807.0,0.8504151803509159
1006,11808.0,0.0001810780031250855
1007,11809.0,0.2890958412670803
1008,11810.0,0.12941123245495761
1009,11811.0,0.926850225161663
1010,11812.0,0.6351777622187202
1011,11813.0,0.0172182320658975
1012,11814.0,0.9080239229808705
1013,11815.0,0.29288237715958193
1014,11816.0,0.01978594481920828
1015,11817.0,0.7602031492740304
1016,11818.0,0.4008569276755132
1017,11819.0,0.8945530976616005
1018,11820.0,0.8338917869486153
1019,11821.0,0.876753267660134
1020,11822.0,0.8346683058903103
1021,11823.0,0.09527857609722351
1022,11824.0,0.7159028373672276
1023,11825.0,1.9060906784854894e-20
1024,11826.0,0.7261471093749978
1025,11827.0,0.2970292375929056
1026,11828.0,0.6722487239003555
1027,11829.0,0.9755046929189928
1028,11830.0,0.14875166498285178
1029,11831.0,0.8995342655752253
1030,11832.0,0.8456337165851675
1031,11833.0,0.8179690823243658
1032,11834.0,0.24835555703804973
1033,11835.0,0.8322557716440322
1034,11836.0,0.8084842785377336
1035,11837.0,0.7926788765993356
1036,11838.0,0.7759308513637878
1037,11839.0,0.7822290339692487
1038,11840.0,0.7648875743547894
1039,11841.0,0.24630203021388555
1040,11842.0,0.07335640206838462
1041,11843.0,0.9067569015167585
1042,11844.0,0.8567982090100053
1043,11845.0,0.8442114560858337
1044,11846.0,0.830737235292532
1045,11847.0,0.830737235292532
1046,11848.0,0.830737235292532
1047,11849.0,0.8163513661282275
1048,11850.0,0.8163513661282275
1049,11851.0,0.8163513661282275
1050,11852.0,0.8217743516595742
1051,11853.0,0.8750906771542291
1052,11854.0,0.8638538419685755
1053,11855.0,0.8517784968294695
1054,11856.0,0.00018182336301863174
1055,11857.0,0.0002916610722625767
1056,11858.0,0.9736990336630067
1057,11859.0,0.000997313303438479
1058,11860.0,0.8293998045554778
1059,11861.0,0.23961110334524743
1060,11862.0,0.7996000016066189
1061,11863.0,0.7445434377065919
1062,11864.0,0.6172447015772964
1063,11865.0,0.5436153348672587
1064,11866.0,0.3972692234487007
1065,11867.0,0.33295898115160316
1066,11868.0,0.8734426429376815
1067,11869.0,0.8092129841950217
1068,11870.0,0.36230464594202266
1069,11871.0,0.4194550770614902
1070,11872.0,0.9316446655679484
1071,11873.0,0.9378414402405157
1072,11874.0,0.8869125505990173
1073,11875.0,0.22175770553785895
1074,11876.0,0.6008083766466017
1075,11877.0,0.34502303254168765
1076,11878.0,0.001984367982760025
1077,11879.0,0.8550690555360142
1078,11880.0,0.9656424853970458
1079,11881.0,0.7525774994894133
1080,11882.0,0.35037791940036284
1081,11883.0,0.146677539927595
1082,11884.0,0.8212831380653087
1083,11885.0,0.7124440842541008
1084,11886.0,0.905757388921016
1085,11887.0,0.9079488834017867
1086,11888.0,0.9407025817372023
1087,11889.0,0.015707890613151126
1088,11890.0,0.8826925547020507
1089,11891.0,0.6242145301284084
1090,11892.0,0.6242145301284084
1091,11893.0,0.6242145301284084
1092,11894.0,0.4106444772440293
1093,11895.0,0.11508778834216
1094,11896.0,0.9530280064120062
1095,11897.0,0.9541039571547821
1096,11898.0,0.7671416066157184
1097,11899.0,0.46032782584703685
1098,11900.0,0.8323716326557669
1099,11901.0,0.7927358574630303
1100,11902.0,0.8437468147880318
1101,11903.0,0.6694612779256217
1102,11904.0,0.6140505802595473
1103,11905.0,0.520182940154447
1104,11906.0,0.4616623922937896
1105,11907.0,0.39168382567459
1106,11908.0,0.8658645197833447
1107,11909.0,0.5877161100649037
1108,11910.0,0.5234818675326931
1109,11911.0,0.3173996681399731
1110,11912.0,0.7137452355547963
1111,11913.0,0.9534220888327277
1112,11914.0,0.875755661622056
1113,11915.0,0.8904304613756006
1114,11916.0,0.8717790845631904
1115,11917.0,1.1760144635171565e-05
1116,11918.0,0.7615584327709212
1117,11919.0,0.8998386904952258
1118,11920.0,0.9051120951716058
1119,11921.0,0.9335802558000899
1120,11922.0,0.7962873543130795
1121,11923.0,0.6016611684960783
1122,11924.0,0.0007101318474358794
1123,11925.0,0.0005661143414147871
1124,11926.0,0.7956519128104156
1125,11927.0,0.8484172031966821
1126,11928.0,0.42271947362043405
1127,11929.0,0.3187422358106012
1128,11930.0,0.24160568579197086
1129,11931.0,0.3244365107055123
1130,11932.0,0.4907002859152064
1131,11933.0,0.8737842351313114
1132,11934.0,0.0006302751363877141
1133,11935.0,0.8908053915000163
1134,11936.0,0.8916189003488636
1135,11937.0,0.9666047327240845
1136,11938.0,0.8820994951518942
1137,11939.0,0.8820198880183792
1138,11940.0,0.7204919953211039
1139,11941.0,0.7560765436655466
1140,11942.0,0.0004226024365087546
1141,11943.0,0.7367604930550716
1142,11944.0,0.8456601945003169
1143,11945.0,0.00020086415917846878
1144,11946.0,7.405469836452817e-05
1145,11947.0,0.12349129368416553
1146,11948.0,0.8052951929091209
1147,11949.0,0.7163293673770579
1148,11950.0,0.13151660317653205
1149,11951.0,0.7698150518837752
1150,11952.0,0.920344534363867
1151,11953.0,0.9501233496390806
1152,11954.0,0.6361419964212905
1153,11955.0,0.7469834345263157
1154,11956.0,0.0002659590312432909
1155,11957.0,0.15927450976618115
1156,11958.0,0.3425015246081523
1157,11959.0,0.7166222062343391
1158,11960.0,0.8336555851371543
1159,11961.0,0.708832562103164
1160,11962.0,0.9092592198910086
1161,11963.0,0.8648455567969336
1162,11964.0,0.936859431346241
1163,11965.0,0.8277298237371851
1164,11966.0,0.7766968152419497
1165,11967.0,0.7576522931092112
1166,11968.0,0.9358352367428256
1167,11969.0,0.8299848325066826
1168,11970.0,0.8087891914440859
1169,11971.0,0.20953673151502641
1170,11972.0,0.7742120690885922
1171,11973.0,0.7145834610445577
1172,11974.0,0.8774200202574549
1173,11975.0,0.8479180272239792
1174,11976.0,0.8475955942625437
1175,11977.0,0.7458022272691649
1176,11978.0,0.7376079840371738
1177,11979.0,0.0030456540545746574
1178,11980.0,0.9233196814386482
1179,11981.0,0.8143011139687083
1180,11982.0,0.9721929480007465
1181,11983.0,0.0007882635382632018
1182,11984.0,0.00010734092508165279
1183,11985.0,0.8844719943908103
1184,11986.0,0.5147868857708389
1185,11987.0,0.5472392242491667
1186,11988.0,0.7692033848512709
1187,11989.0,0.9263134826323945
1188,11990.0,0.8472541267927068
1189,11991.0,0.951437703038988
1190,11992.0,0.9531575774356941
1191,11993.0,0.6483607531125937
1192,11994.0,0.8792029733706108
1193,11995.0,0.00012736576350086103
1194,11996.0,0.780830821286354
1195,11997.0,0.9635727044556931
1196,11998.0,0.7145359921883375
1197,11999.0,0.9684093660928731
1198,12000.0,0.9719464790687886
1199,12001.0,0.825349109425401
1200,12002.0,0.0008218242560433469
1201,12003.0,0.7463257418278254
1202,12004.0,0.5727537666769107
1203,12005.0,0.9587188086885746
1204,12006.0,0.9267317557072943
1205,12007.0,0.8114673958082464
1206,12008.0,0.7473324731761666
1207,12009.0,0.7687910840305227
1208,12010.0,0.8409745415982136
1209,12011.0,0.9174759536963288
1210,12012.0,0.000779136327484459
1211,12013.0,0.8489521367315259
1212,12014.0,0.9479554944515025
1213,12015.0,0.9359450771614589
1214,12016.0,0.6073526625384401
1215,12017.0,0.7492653715529395
1216,12018.0,0.0003401107614989838
1217,12019.0,0.8495780417908071
1218,12020.0,0.7079828114059572
1219,12021.0,0.7501552148680587
1220,12022.0,5.783402837535402e-06
1221,12023.0,0.5453053981480671
1222,12024.0,0.7052856590535285
1223,12025.0,0.0006929067458563772
1224,12026.0,0.6873661300512269
1225,12027.0,0.12983040648438407
1226,12028.0,0.5077080418750665
1227,12029.0,0.9442209117673852
1228,12030.0,0.947554590941297
1229,12031.0,0.8272047825226841
1230,12032.0,0.8971275879198445
1231,12033.0,0.07363479874796772
1232,12034.0,0.5567302157445724
1233,12035.0,0.891770743463006
1234,12036.0,0.8721731748608165
1235,12037.0,0.8096263247374509
1236,12038.0,0.6202979974406679
1237,12039.0,0.7136946513433524
1238,12040.0,0.4801930848475543
1239,12041.0,0.46505664272289554
1240,12042.0,0.4260620764483446
1241,12043.0,0.2468287176535612
1242,12044.0,0.24487933283475555
1243,12045.0,0.24582454040648294
1244,12046.0,0.2449648883156051
1245,12047.0,0.24525673368663833
1246,12048.0,0.16250717516951957
1247,12049.0,0.9629377534988166
1248,12050.0,0.6125921733680401
1249,12051.0,0.005100371420009609
1250,12052.0,0.00014719007361681987
1251,12053.0,0.23757923339192194
1252,12054.0,0.0015507539867687307
1253,12055.0,0.7721839383247917
1254,12056.0,1.8126986907289292e-05
1255,12057.0,0.8471753912196273
1256,12058.0,0.8269747517247928
1257,12059.0,0.5406239757495043
1258,12060.0,0.9219047021213508
1259,12061.0,0.9478627000109459
1260,12062.0,0.879508585340554
1261,12063.0,0.9331792140054724
1262,12064.0,0.874011911614617
1263,12065.0,0.9108658715847731
1264,12066.0,0.8076099347507781
1265,12067.0,0.8485898029548843
1266,12068.0,0.8485898029548843
1267,12069.0,0.8076099347507781
1268,12070.0,0.3562526014978415
1269,12071.0,0.0003724275114182263
1270,12072.0,0.3876369702808881
1271,12073.0,0.8159773540607258
1272,12074.0,0.9269315959795279
1273,12075.0,0.9369463019389168
1274,12076.0,0.9297205260279198
1275,12077.0,0.8744424711688419
1276,12078.0,0.9186091055419289
1277,12079.0,0.8390908702534362
1278,12080.0,0.30843370846418094
1279,12081.0,0.5150729902164991
1280,12082.0,0.4462545548735743
1281,12083.0,0.3621515938153134
1282,12084.0,0.21257027658255367
1283,12085.0,0.8991732587688304
1284,12086.0,0.44682385853657774
1285,12087.0,0.9545022694757023
1286,12088.0,0.7620280035796461
1287,12089.0,0.3898879689905444
1288,12090.0,0.6579479491975775
1289,12091.0,0.6986418680408434
1290,12092.0,0.689946678954056
1291,12093.0,0.639136207476391
1292,12094.0,0.8994651080692654
1293,12095.0,0.6236278352654347
1294,12096.0,0.6912063523915319
1295,12097.0,0.5868549087562658
1296,12098.0,0.9108979781604494
1297,12099.0,0.748541644604334
1298,12100.0,0.7309086459017936
1299,12101.0,0.7884641051395312
1300,12102.0,0.7733375069854593
1301,12103.0,0.8734300312485458
1302,12104.0,0.0004318155945892581
1303,12105.0,0.7268543059936285
1304,12106.0,0.8915635801932262
1305,12107.0,0.7183841635886274
1306,12108.0,0.7829142066563805
1307,12109.0,0.7830740217432892
1308,12110.0,0.6937207923823068
1309,12111.0,0.73037421325197
1310,12112.0,0.6920878660356732
1311,12113.0,0.8339983696256729
1312,12114.0,0.8632785943946624
1313,12115.0,0.6426558582556618
1314,12116.0,0.6426558582556618
1315,12117.0,0.7597456479573206
1316,12118.0,0.7783271820634867
1317,12119.0,0.5942827067577194
1318,12120.0,0.7423429029319082
1319,12121.0,0.8963011731920313
1320,12122.0,0.8711619417165735
1321,12123.0,0.9138485300883309
1322,12124.0,0.9007312495815403
1323,12125.0,0.8622132688565084
1324,12126.0,0.8574244539750819
1325,12127.0,0.919554882129402
1326,12128.0,0.8764289352278426
1327,12129.0,0.8276151697407661
1328,12130.0,0.9289572983847294
1329,12131.0,0.835943805653232
1330,12132.0,0.8513125207963991
1331,12133.0,0.7051243237356336
1332,12134.0,0.7419352502296949
1333,12135.0,0.7450412676305048
1334,12136.0,0.8778862015349841
1335,12137.0,0.0009013316783153342
1336,12138.0,0.8852556500338734
1337,12139.0,0.09588208254058313
1338,12140.0,0.507167584561409
1339,12141.0,0.7757208703613064
1340,12142.0,0.9206389451253773
1341,12143.0,0.24817593249125325
1342,12144.0,0.2487292505990726
1343,12145.0,0.5184159199610399
1344,12146.0,0.24781494828439432
1345,12147.0,0.24781494828439432
1346,12148.0,0.10277837538569796
1347,12149.0,0.21486490687409204
1348,12150.0,0.22502537081930415
1349,12151.0,0.10698326659817654
1350,12152.0,0.10921182226963078
1351,12153.0,0.6813996614401503
1352,12154.0,0.6783660341882319
1353,12155.0,0.909330049554205
1354,12156.0,0.9394766818421959
1355,12157.0,0.7998990515596056
1356,12158.0,0.8699204434227708
1357,12159.0,0.8305044365725802
1358,12160.0,0.8099591181542448
1359,12161.0,0.8325064838587753
1360,12162.0,0.7890003186842056
1361,12163.0,0.7448185084776812
1362,12164.0,0.000279819194813925
1363,12165.0,0.49224589840888794
1364,12166.0,0.0007906311230187994
1365,12167.0,0.9642137909414439
1366,12168.0,0.024163817835356944
1367,12169.0,0.7814509522020964
1368,12170.0,0.9766556815240812
1369,12171.0,0.9369826510486365
1370,12172.0,0.043793587078407435
1371,12173.0,0.05804294552544897
1372,12174.0,0.7030330268621717
1373,12175.0,0.9270071433080322
1374,12176.0,0.7715521257784056
1375,12177.0,0.8648189273158359
1376,12178.0,0.7022146427966861
1377,12179.0,0.8167813204610938
1378,12180.0,0.5688940508485697
1379,12181.0,0.8097061248360609
1380,12182.0,0.8527116512093207
1381,12183.0,0.6609372018696585
1382,12184.0,0.6869439429799552
1383,12185.0,0.00048627831670065624
1384,12186.0,0.876760624580332
1385,12187.0,0.3925798918816636
1386,12188.0,0.6197863486525845
1387,12189.0,0.7696177645031762
1388,12190.0,0.00025578587827756316
1389,12191.0,0.8380164497322855
1390,12192.0,0.777742283340034
1391,12193.0,0.5501336837754411
1392,12194.0,0.0003736009344403044
1393,12195.0,0.7129452980853555
1394,12196.0,0.7106539423515597
1395,12197.0,0.7106539423515597
1396,12198.0,0.7106539423515597
1397,12199.0,0.7106539423515597
1398,12200.0,0.7039244857065978
1399,12201.0,0.7187322944099721
1400,12202.0,0.7126981878166482
1401,12203.0,0.711669142985163
1402,12204.0,0.711669142985163
1403,12205.0,0.7170177743100066
1404,12206.0,0.7140343192343068
1405,12207.0,0.7106539423515597
1406,12208.0,0.7106539423515597
1407,12209.0,0.7169197269411991
1408,12210.0,0.8458431661631807
1409,12211.0,0.8197065239496091
1410,12212.0,0.7733734417154163
1411,12213.0,0.8961246760006789
1412,12214.0,0.8899500355230954
1413,12215.0,0.8050928947946361
1414,12216.0,0.8514198738526323
1415,12217.0,0.8422180103127436
1416,12218.0,0.000984180213824983
1417,12219.0,0.8587801033463803
1418,12220.0,0.018999342616358054
1419,12221.0,0.8056461678821044
1420,12222.0,0.6641155211722848
1421,12223.0,0.8837697465651657
1422,12224.0,0.8230129371371655
1423,12225.0,0.849555316912359
1424,12226.0,0.9159685869849723
1425,12227.0,0.9331774992131002
1426,12228.0,0.31420779059541776
1427,12229.0,0.9060759106333779
1428,12230.0,0.13219378225376424
1429,12231.0,0.8475419392539838
1430,12232.0,0.9115549010839386
1431,12233.0,0.8646370408306105
1432,12234.0,0.8447267155470537
1433,12235.0,0.6408397183114743
1434,12236.0,0.8883118143462484
1435,12237.0,0.7152175433104768
1436,12238.0,0.28690374842768573
1437,12239.0,0.9362219111106875
1438,12240.0,0.7947340225075118
1439,12241.0,0.8037993034410571
1440,12242.0,0.8443571388773322
1441,12243.0,9.22174995630579e-11
1442,12244.0,0.8975165325549411
1443,12245.0,0.9475047264418988
1444,12246.0,0.8808389087810803
1445,12247.0,0.46264823300888863
1446,12248.0,0.7464402829912343
1447,12249.0,0.5180643571558716
1448,12250.0,0.7661283551807262
1449,12251.0,0.9531663992368602
1450,12252.0,0.8563497489785086
1451,12253.0,0.7203863845320911
1452,12254.0,0.9438296012715109
1453,12255.0,0.826182348401421
1454,12256.0,0.8749872834237653
1455,12257.0,0.9212262086282866
1456,12258.0,0.8876234551868235
1457,12259.0,0.8273318924789306
1458,12260.0,0.8641404240552274
1459,12261.0,0.619878426426095
1460,12262.0,0.652769772543942
1461,12263.0,0.2870011161729891
1462,12264.0,0.9482605804063369
1463,12265.0,0.4224533920359807
1464,12266.0,0.4312118080244342
1465,12267.0,0.2399999630243007
1466,12268.0,0.4186901609915679
1467,12269.0,0.42062746889828206
1468,12270.0,0.4189279425641583
1469,12271.0,0.841218441011175
1470,12272.0,0.9176876162004348
1471,12273.0,0.7557499377683908
1472,12274.0,0.35178513492127245
1473,12275.0,0.8546030862316232
1474,12276.0,0.3532564203541853
1475,12277.0,0.9750834982624929
1476,12278.0,0.8958607361300014
1477,12279.0,0.8820804281112937
1478,12280.0,0.8850724541946329
1479,12281.0,0.6566178903914321
1480,12282.0,0.6827371873112912
1481,12283.0,0.9469321232111693
1482,12284.0,0.4952821699329477
1483,12285.0,0.4065076652619643
1484,12286.0,0.2799570537219246
1485,12287.0,0.3202235014034584
1486,12288.0,0.26505156199531377
1487,12289.0,0.5459956539569447
1488,12290.0,0.5514631617102592
1489,12291.0,0.7885715812872858
1490,12292.0,0.9718285653390989
1491,12293.0,0.9512411608456915
1492,12294.0,0.956798203772156
1493,12295.0,0.5733243992904412
1494,12296.0,0.9091994142419086
1495,12297.0,0.6662897391477431
1496,12298.0,0.8215498677271839
1497,12299.0,0.025301383354486902
1498,12300.0,0.5799778534156962
1499,12301.0,0.6926338596139782
1500,12302.0,0.9186277158403092
1501,12303.0,0.9266741115089951
1502,12304.0,0.951218399567397
1503,12305.0,0.9411855525436963
1504,12306.0,1.1319510977530168e-05
1505,12307.0,0.7437415183768531
1506,12308.0,0.6139565284199392
1507,12309.0,0.004664559531602274
1508,12310.0,0.9482575134582993
1509,12311.0,0.7542650959497259
1510,12312.0,0.8337027915086126
1511,12313.0,0.7177410023165071
1512,12314.0,0.818416577344301
1513,12315.0,0.7586938056316481
1514,12316.0,0.6296387907466203
1515,12317.0,0.769280442103374
1516,12318.0,0.841326195586883
1517,12319.0,0.00459375133026026
1518,12320.0,0.2332031195343248
1519,12321.0,0.31846898744581165
1520,12322.0,0.44873940664722217
1521,12323.0,0.46834879700812154
1522,12324.0,0.35673938152312334
1523,12325.0,0.5067676134427449
1524,12326.0,0.6804034873420286
1525,12327.0,0.14373003463284206
1526,12328.0,0.4885600763061439
1527,12329.0,0.3037840755809678
1528,12330.0,0.3293251769914308
1529,12331.0,0.08550357052775699
1530,12332.0,7.614592927969127e-09
1531,12333.0,0.21005855167595758
1532,12334.0,0.004755301136652156
1533,12335.0,0.19392952251358542
1534,12336.0,6.162809914659423e-05
1535,12337.0,0.0010220959164538351
1536,12338.0,0.012024668945432911
1537,12339.0,0.13565697731608187
1538,12340.0,0.9086335319296994
1539,12341.0,0.9523751902649344
1540,12342.0,0.9511125686346982
1541,12343.0,0.9717461015986101
1542,12344.0,0.9792544816518461
1543,12345.0,0.0008718954912666881
1544,12346.0,0.00032735351638742306
1545,12347.0,0.004775715003159372
1546,12348.0,2.31210201309124e-05
1547,12349.0,0.000383788090727509
1548,12350.0,1.0578526938452568e-05
1549,12351.0,0.00880097889202012
1550,12352.0,0.7216099662428693
1551,12353.0,0.9044980430014576
1552,12354.0,0.06107745580740187
1553,12355.0,0.9659156095634418
1554,12356.0,0.3977176903050379
1555,12357.0,0.08115687742901732
1556,12358.0,0.854741979613564
1557,12359.0,0.8328961210881843
1558,12360.0,0.6138220444084562
1559,12361.0,0.955024703082244
1560,12362.0,0.6351153552635526
1561,12363.0,0.8926227827269129
1562,12364.0,0.856609346557146
1563,12365.0,0.5086215196882515
1564,12366.0,0.5022320310657816
1565,12367.0,0.6795373143279153
1566,12368.0,0.11545462898323407
